id,first_name,last_name,user_name,password
0,John,Doe,jdoe,password
1,Alex,Algar,aalgar0,eG2.LhuVs
2,Marlene,Honnan,mhonnan1,mH3`%r1ZE*\!
3,Dulcea,Adelsberg,dadelsberg2,"gR2?)aC""'ZU/ALH>"
4,Carrie,Comoletti,ccomoletti3,kR2!jLQ1Qw
5,Lemar,Webben,lwebben4,"kC4""&ra/6"
6,Marcia,Lindores,mlindores5,pP1$PJaY_jnEAhB(
7,Mannie,Arderne,marderne6,qM5%6etj
8,Everard,Acosta,eacosta7,lY5|+t#j@2AZNt
9,Candy,Tackett,ctackett8,eJ6~E{==Ai{e
10,Butch,Belleny,bbelleny9,fT6)RL<MEe+>2H
11,Rosalinde,Fitzjohn,rfitzjohna,oY0`V{7l0<NAg/=
12,Burt,Cafe,bcafeb,aQ7|L<2Ry'
13,Liv,Gaskal,lgaskalc,"vY9!j""2C8C{D\"
14,Fernanda,Sissot,fsissotd,oI6(F~qmZ/t
15,Dana,Shergold,dshergolde,tE6)<|z*hWplSm
